[
{
    "pk": 2, 
    "model": "viridis.test", 
    "fields": {
        "title": "Chemistry", 
        "institution": "", 
        "user": 1, 
        "marks": 10, 
        "marks_per_question": 2, 
        "pub_date": "2014-07-22T20:30:44.642Z", 
        "slug": "chemistry", 
        "rank_score": 0.0
    }
},
{
    "pk": 3, 
    "model": "viridis.test", 
    "fields": {
        "title": "Biology", 
        "institution": "", 
        "user": 1, 
        "marks": 10, 
        "marks_per_question": 2, 
        "pub_date": "2014-07-26T08:08:38.429Z", 
        "slug": "biology", 
        "rank_score": 0.0
    }
},
{
    "pk": 4, 
    "model": "viridis.test", 
    "fields": {
        "title": "General Science", 
        "institution": "", 
        "user": 1, 
        "marks": 10, 
        "marks_per_question": 2, 
        "pub_date": "2014-07-26T11:34:12.811Z", 
        "slug": "general-science", 
        "rank_score": 0.0
    }
},
{
    "pk": 5, 
    "model": "viridis.test", 
    "fields": {
        "title": "World Geography", 
        "institution": "", 
        "user": 1, 
        "marks": 10, 
        "marks_per_question": 2, 
        "pub_date": "2014-07-28T06:03:16.301Z", 
        "slug": "world-geography", 
        "rank_score": 0.0
    }
},
{
    "pk": 6, 
    "model": "viridis.test", 
    "fields": {
        "title": "C++ Programming :: Objects and Classes", 
        "institution": "", 
        "user": 1, 
        "marks": 16, 
        "marks_per_question": 2, 
        "pub_date": "2014-07-29T05:59:58.253Z", 
        "slug": "c-programming-objects-and-classes", 
        "rank_score": 0.0
    }
},
{
    "pk": 7, 
    "model": "viridis.test", 
    "fields": {
        "title": "Physics", 
        "institution": "", 
        "user": 2, 
        "marks": 10, 
        "marks_per_question": 2, 
        "pub_date": "2014-08-09T17:28:58.514Z", 
        "slug": "physics", 
        "rank_score": 0.0
    }
},
{
    "pk": 6, 
    "model": "viridis.question", 
    "fields": {
        "test": 2, 
        "question_pic": "images/atom-nucleus-9624380.jpg", 
        "question_text": "The nucleus of an atom consists of", 
        "pub_date": "2014-07-22T20:32:38.067Z", 
        "marks": 2
    }
},
{
    "pk": 7, 
    "model": "viridis.question", 
    "fields": {
        "test": 2, 
        "question_pic": "", 
        "question_text": "The number of moles of solute present in 1 kg of a solvent is called its", 
        "pub_date": "2014-07-22T20:32:38.084Z", 
        "marks": 2
    }
},
{
    "pk": 8, 
    "model": "viridis.question", 
    "fields": {
        "test": 2, 
        "question_pic": "", 
        "question_text": "The most electronegative element among the following is", 
        "pub_date": "2014-07-22T20:32:38.091Z", 
        "marks": 2
    }
},
{
    "pk": 9, 
    "model": "viridis.question", 
    "fields": {
        "test": 2, 
        "question_pic": "", 
        "question_text": "The metal used to recover copper from a solution of copper sulphate is", 
        "pub_date": "2014-07-22T20:32:38.099Z", 
        "marks": 2
    }
},
{
    "pk": 10, 
    "model": "viridis.question", 
    "fields": {
        "test": 2, 
        "question_pic": "", 
        "question_text": "The number of d-electrons in Fe2+ (Z = 26) is not equal to that of", 
        "pub_date": "2014-07-22T20:32:38.106Z", 
        "marks": 2
    }
},
{
    "pk": 11, 
    "model": "viridis.question", 
    "fields": {
        "test": 3, 
        "question_pic": "", 
        "question_text": "Ordinary table salt is sodium chloride. What is baking soda?", 
        "pub_date": "2014-07-26T08:10:02.926Z", 
        "marks": 2
    }
},
{
    "pk": 12, 
    "model": "viridis.question", 
    "fields": {
        "test": 3, 
        "question_pic": "", 
        "question_text": "Ozone hole refers to", 
        "pub_date": "2014-07-26T08:10:02.996Z", 
        "marks": 2
    }
},
{
    "pk": 13, 
    "model": "viridis.question", 
    "fields": {
        "test": 3, 
        "question_pic": "", 
        "question_text": "Pine, fir, spruce, cedar, larch and cypress are the famous timber-yielding plants of which several also occur widely in the hilly regions of India. All these belong to", 
        "pub_date": "2014-07-26T08:10:03.001Z", 
        "marks": 2
    }
},
{
    "pk": 14, 
    "model": "viridis.question", 
    "fields": {
        "test": 3, 
        "question_pic": "", 
        "question_text": "Pollination is best defined as", 
        "pub_date": "2014-07-26T08:10:03.009Z", 
        "marks": 2
    }
},
{
    "pk": 15, 
    "model": "viridis.question", 
    "fields": {
        "test": 3, 
        "question_pic": "", 
        "question_text": "Plants receive their nutrients mainly from", 
        "pub_date": "2014-07-26T08:10:03.016Z", 
        "marks": 2
    }
},
{
    "pk": 16, 
    "model": "viridis.question", 
    "fields": {
        "test": 4, 
        "question_pic": "", 
        "question_text": "Brass gets discoloured in air because of the presence of which of the following gases in air?", 
        "pub_date": "2014-07-26T11:45:02.825Z", 
        "marks": 2
    }
},
{
    "pk": 17, 
    "model": "viridis.question", 
    "fields": {
        "test": 4, 
        "question_pic": "", 
        "question_text": "Which of the following is a non metal that remains liquid at room temperature?", 
        "pub_date": "2014-07-26T11:45:02.859Z", 
        "marks": 2
    }
},
{
    "pk": 18, 
    "model": "viridis.question", 
    "fields": {
        "test": 4, 
        "question_pic": "", 
        "question_text": "Chlorophyll is a naturally occurring chelate compound in which central metal is", 
        "pub_date": "2014-07-26T11:45:02.865Z", 
        "marks": 2
    }
},
{
    "pk": 19, 
    "model": "viridis.question", 
    "fields": {
        "test": 4, 
        "question_pic": "", 
        "question_text": "Which of the following is used in pencils?", 
        "pub_date": "2014-07-26T11:45:02.878Z", 
        "marks": 2
    }
},
{
    "pk": 20, 
    "model": "viridis.question", 
    "fields": {
        "test": 4, 
        "question_pic": "", 
        "question_text": "Which of the following metals forms an amalgam with other metals?", 
        "pub_date": "2014-07-26T11:45:02.883Z", 
        "marks": 2
    }
},
{
    "pk": 21, 
    "model": "viridis.question", 
    "fields": {
        "test": 5, 
        "question_pic": "", 
        "question_text": "The Homolographic projection has the correct representation of", 
        "pub_date": "2014-07-28T06:04:33.611Z", 
        "marks": 2
    }
},
{
    "pk": 22, 
    "model": "viridis.question", 
    "fields": {
        "test": 5, 
        "question_pic": "", 
        "question_text": "The latitudinal differences in pressure delineate a number of major pressure zones, which correspond with", 
        "pub_date": "2014-07-28T06:04:33.638Z", 
        "marks": 2
    }
},
{
    "pk": 23, 
    "model": "viridis.question", 
    "fields": {
        "test": 5, 
        "question_pic": "", 
        "question_text": "The higher the wind speed and the longer the fetch or distance of open water across which the wind blows and waves travel, the ____ waves and the ____ energy they process.", 
        "pub_date": "2014-07-28T06:04:33.646Z", 
        "marks": 2
    }
},
{
    "pk": 24, 
    "model": "viridis.question", 
    "fields": {
        "test": 5, 
        "question_pic": "", 
        "question_text": "The hazards of radiation belts include", 
        "pub_date": "2014-07-28T06:04:33.697Z", 
        "marks": 2
    }
},
{
    "pk": 25, 
    "model": "viridis.question", 
    "fields": {
        "test": 5, 
        "question_pic": "", 
        "question_text": "The great Victoria Desert is located in", 
        "pub_date": "2014-07-28T06:04:33.702Z", 
        "marks": 2
    }
},
{
    "pk": 26, 
    "model": "viridis.question", 
    "fields": {
        "test": 6, 
        "question_pic": "", 
        "question_text": "What happens when we try to compile the class definition in following code snippet?\r\n\r\nclass Birds {};\r\nclass Peacock : protected Birds {};", 
        "pub_date": "2014-07-29T06:21:40.085Z", 
        "marks": 2
    }
},
{
    "pk": 27, 
    "model": "viridis.question", 
    "fields": {
        "test": 6, 
        "question_pic": "", 
        "question_text": "Which of the following statements is incorrect?", 
        "pub_date": "2014-07-29T06:21:40.127Z", 
        "marks": 2
    }
},
{
    "pk": 28, 
    "model": "viridis.question", 
    "fields": {
        "test": 6, 
        "question_pic": "", 
        "question_text": "Which of the following statement is correct regarding destructor of base class?", 
        "pub_date": "2014-07-29T06:21:40.133Z", 
        "marks": 2
    }
},
{
    "pk": 29, 
    "model": "viridis.question", 
    "fields": {
        "test": 6, 
        "question_pic": "", 
        "question_text": "Which of the following two entities (reading from Left to Right) can be connected by the dot operator?", 
        "pub_date": "2014-07-29T06:21:40.139Z", 
        "marks": 2
    }
},
{
    "pk": 30, 
    "model": "viridis.question", 
    "fields": {
        "test": 6, 
        "question_pic": "", 
        "question_text": "How can we make a class abstract?", 
        "pub_date": "2014-07-29T06:21:40.152Z", 
        "marks": 2
    }
},
{
    "pk": 31, 
    "model": "viridis.question", 
    "fields": {
        "test": 6, 
        "question_pic": "", 
        "question_text": "Which of the following statements is correct when a class is inherited publicly?", 
        "pub_date": "2014-07-29T06:21:40.160Z", 
        "marks": 2
    }
},
{
    "pk": 32, 
    "model": "viridis.question", 
    "fields": {
        "test": 6, 
        "question_pic": "", 
        "question_text": "Which of the following statements is correct about the constructors and destructors?", 
        "pub_date": "2014-07-29T06:21:40.167Z", 
        "marks": 2
    }
},
{
    "pk": 33, 
    "model": "viridis.question", 
    "fields": {
        "test": 6, 
        "question_pic": "", 
        "question_text": "Which of the following access specifies is used in a class definition by default?", 
        "pub_date": "2014-07-29T06:21:40.175Z", 
        "marks": 2
    }
},
{
    "pk": 34, 
    "model": "viridis.question", 
    "fields": {
        "test": 7, 
        "question_pic": "", 
        "question_text": "Radiocarbon is produced in the atmosphere as a result of", 
        "pub_date": "2014-08-09T17:31:38.605Z", 
        "marks": 2
    }
},
{
    "pk": 35, 
    "model": "viridis.question", 
    "fields": {
        "test": 7, 
        "question_pic": "", 
        "question_text": "It is easier to roll a stone up a sloping road than to lift it vertical upwards because", 
        "pub_date": "2014-08-09T17:31:38.648Z", 
        "marks": 2
    }
},
{
    "pk": 36, 
    "model": "viridis.question", 
    "fields": {
        "test": 7, 
        "question_pic": "", 
        "question_text": "The absorption of ink by blotting paper involves", 
        "pub_date": "2014-08-09T17:31:38.655Z", 
        "marks": 2
    }
},
{
    "pk": 37, 
    "model": "viridis.question", 
    "fields": {
        "test": 7, 
        "question_pic": "", 
        "question_text": "Siphon will fail to work if", 
        "pub_date": "2014-08-09T17:31:38.672Z", 
        "marks": 2
    }
},
{
    "pk": 38, 
    "model": "viridis.question", 
    "fields": {
        "test": 7, 
        "question_pic": "", 
        "question_text": "Large transformers, when used for some time, become very hot and are cooled by circulating oil. The heating of the transformer is due to", 
        "pub_date": "2014-08-09T17:31:38.679Z", 
        "marks": 2
    }
},
{
    "pk": 21, 
    "model": "viridis.choice", 
    "fields": {
        "pub_date": "2014-07-22T20:39:28.690Z", 
        "is_correct": null, 
        "choice_text": "p-electrons in Ne(Z = 10)", 
        "test_id": 2, 
        "question": 10
    }
},
{
    "pk": 22, 
    "model": "viridis.choice", 
    "fields": {
        "pub_date": "2014-07-22T20:39:28.719Z", 
        "is_correct": null, 
        "choice_text": "s-electrons in Mg(Z = 12)", 
        "test_id": 2, 
        "question": 10
    }
},
{
    "pk": 23, 
    "model": "viridis.choice", 
    "fields": {
        "pub_date": "2014-07-22T20:39:28.726Z", 
        "is_correct": null, 
        "choice_text": "d-electrons in Fe(Z = 26)", 
        "test_id": 2, 
        "question": 10
    }
},
{
    "pk": 24, 
    "model": "viridis.choice", 
    "fields": {
        "pub_date": "2014-07-22T20:39:28.735Z", 
        "is_correct": true, 
        "choice_text": "p-electrons in CI(Z = 17)", 
        "test_id": 2, 
        "question": 10
    }
},
{
    "pk": 25, 
    "model": "viridis.choice", 
    "fields": {
        "pub_date": "2014-07-22T20:39:28.741Z", 
        "is_correct": null, 
        "choice_text": "Na", 
        "test_id": 2, 
        "question": 9
    }
},
{
    "pk": 26, 
    "model": "viridis.choice", 
    "fields": {
        "pub_date": "2014-07-22T20:39:28.747Z", 
        "is_correct": null, 
        "choice_text": "Ag", 
        "test_id": 2, 
        "question": 9
    }
},
{
    "pk": 27, 
    "model": "viridis.choice", 
    "fields": {
        "pub_date": "2014-07-22T20:39:28.752Z", 
        "is_correct": null, 
        "choice_text": "Hg", 
        "test_id": 2, 
        "question": 9
    }
},
{
    "pk": 28, 
    "model": "viridis.choice", 
    "fields": {
        "pub_date": "2014-07-22T20:39:28.758Z", 
        "is_correct": true, 
        "choice_text": "Fe", 
        "test_id": 2, 
        "question": 9
    }
},
{
    "pk": 29, 
    "model": "viridis.choice", 
    "fields": {
        "pub_date": "2014-07-22T20:39:28.770Z", 
        "is_correct": null, 
        "choice_text": "sodium", 
        "test_id": 2, 
        "question": 8
    }
},
{
    "pk": 30, 
    "model": "viridis.choice", 
    "fields": {
        "pub_date": "2014-07-22T20:39:28.778Z", 
        "is_correct": null, 
        "choice_text": "bromine", 
        "test_id": 2, 
        "question": 8
    }
},
{
    "pk": 31, 
    "model": "viridis.choice", 
    "fields": {
        "pub_date": "2014-07-22T20:39:28.793Z", 
        "is_correct": true, 
        "choice_text": "fluorine", 
        "test_id": 2, 
        "question": 8
    }
},
{
    "pk": 32, 
    "model": "viridis.choice", 
    "fields": {
        "pub_date": "2014-07-22T20:39:28.800Z", 
        "is_correct": null, 
        "choice_text": "oxygen", 
        "test_id": 2, 
        "question": 8
    }
},
{
    "pk": 33, 
    "model": "viridis.choice", 
    "fields": {
        "pub_date": "2014-07-22T20:39:28.805Z", 
        "is_correct": true, 
        "choice_text": "molality", 
        "test_id": 2, 
        "question": 7
    }
},
{
    "pk": 34, 
    "model": "viridis.choice", 
    "fields": {
        "pub_date": "2014-07-22T20:39:28.816Z", 
        "is_correct": null, 
        "choice_text": "molarity", 
        "test_id": 2, 
        "question": 7
    }
},
{
    "pk": 35, 
    "model": "viridis.choice", 
    "fields": {
        "pub_date": "2014-07-22T20:39:28.826Z", 
        "is_correct": null, 
        "choice_text": "normality", 
        "test_id": 2, 
        "question": 7
    }
},
{
    "pk": 36, 
    "model": "viridis.choice", 
    "fields": {
        "pub_date": "2014-07-22T20:39:28.833Z", 
        "is_correct": null, 
        "choice_text": "formality", 
        "test_id": 2, 
        "question": 7
    }
},
{
    "pk": 37, 
    "model": "viridis.choice", 
    "fields": {
        "pub_date": "2014-07-22T20:39:28.841Z", 
        "is_correct": null, 
        "choice_text": "electrons and neutrons", 
        "test_id": 2, 
        "question": 6
    }
},
{
    "pk": 38, 
    "model": "viridis.choice", 
    "fields": {
        "pub_date": "2014-07-22T20:39:28.847Z", 
        "is_correct": null, 
        "choice_text": "electrons and protons", 
        "test_id": 2, 
        "question": 6
    }
},
{
    "pk": 39, 
    "model": "viridis.choice", 
    "fields": {
        "pub_date": "2014-07-22T20:39:28.853Z", 
        "is_correct": null, 
        "choice_text": "protons and neutrons", 
        "test_id": 2, 
        "question": 6
    }
},
{
    "pk": 40, 
    "model": "viridis.choice", 
    "fields": {
        "pub_date": "2014-07-22T20:39:28.859Z", 
        "is_correct": true, 
        "choice_text": "All of the above", 
        "test_id": 2, 
        "question": 6
    }
},
{
    "pk": 41, 
    "model": "viridis.choice", 
    "fields": {
        "pub_date": "2014-07-26T10:14:04.723Z", 
        "is_correct": null, 
        "choice_text": "chlorophyll", 
        "test_id": 3, 
        "question": 15
    }
},
{
    "pk": 42, 
    "model": "viridis.choice", 
    "fields": {
        "pub_date": "2014-07-26T10:14:04.802Z", 
        "is_correct": null, 
        "choice_text": "atmosphere", 
        "test_id": 3, 
        "question": 15
    }
},
{
    "pk": 43, 
    "model": "viridis.choice", 
    "fields": {
        "pub_date": "2014-07-26T10:14:04.815Z", 
        "is_correct": null, 
        "choice_text": "light", 
        "test_id": 3, 
        "question": 15
    }
},
{
    "pk": 44, 
    "model": "viridis.choice", 
    "fields": {
        "pub_date": "2014-07-26T10:14:04.821Z", 
        "is_correct": true, 
        "choice_text": "soil", 
        "test_id": 3, 
        "question": 15
    }
},
{
    "pk": 45, 
    "model": "viridis.choice", 
    "fields": {
        "pub_date": "2014-07-26T10:14:04.829Z", 
        "is_correct": true, 
        "choice_text": "transfer of pollen from anther to stigma", 
        "test_id": 3, 
        "question": 14
    }
},
{
    "pk": 46, 
    "model": "viridis.choice", 
    "fields": {
        "pub_date": "2014-07-26T10:14:04.844Z", 
        "is_correct": null, 
        "choice_text": "germination of pollen grains", 
        "test_id": 3, 
        "question": 14
    }
},
{
    "pk": 47, 
    "model": "viridis.choice", 
    "fields": {
        "pub_date": "2014-07-26T10:14:04.850Z", 
        "is_correct": null, 
        "choice_text": "growth of pollen tube in ovule", 
        "test_id": 3, 
        "question": 14
    }
},
{
    "pk": 48, 
    "model": "viridis.choice", 
    "fields": {
        "pub_date": "2014-07-26T10:14:04.857Z", 
        "is_correct": null, 
        "choice_text": "visiting flowers by insects", 
        "test_id": 3, 
        "question": 14
    }
},
{
    "pk": 49, 
    "model": "viridis.choice", 
    "fields": {
        "pub_date": "2014-07-26T10:14:04.863Z", 
        "is_correct": null, 
        "choice_text": "angiosperms", 
        "test_id": 3, 
        "question": 13
    }
},
{
    "pk": 50, 
    "model": "viridis.choice", 
    "fields": {
        "pub_date": "2014-07-26T10:14:04.870Z", 
        "is_correct": true, 
        "choice_text": "gymnosperms", 
        "test_id": 3, 
        "question": 13
    }
},
{
    "pk": 51, 
    "model": "viridis.choice", 
    "fields": {
        "pub_date": "2014-07-26T10:14:04.879Z", 
        "is_correct": null, 
        "choice_text": "monocotyledons", 
        "test_id": 3, 
        "question": 13
    }
},
{
    "pk": 52, 
    "model": "viridis.choice", 
    "fields": {
        "pub_date": "2014-07-26T10:14:04.887Z", 
        "is_correct": null, 
        "choice_text": "dicotyledons", 
        "test_id": 3, 
        "question": 13
    }
},
{
    "pk": 53, 
    "model": "viridis.choice", 
    "fields": {
        "pub_date": "2014-07-26T10:14:04.893Z", 
        "is_correct": null, 
        "choice_text": "hole in ozone layer", 
        "test_id": 3, 
        "question": 12
    }
},
{
    "pk": 54, 
    "model": "viridis.choice", 
    "fields": {
        "pub_date": "2014-07-26T10:14:04.906Z", 
        "is_correct": null, 
        "choice_text": "decrease in the ozone layer in troposphere", 
        "test_id": 3, 
        "question": 12
    }
},
{
    "pk": 55, 
    "model": "viridis.choice", 
    "fields": {
        "pub_date": "2014-07-26T10:14:04.915Z", 
        "is_correct": true, 
        "choice_text": "decrease in thickness of ozone layer in stratosphere", 
        "test_id": 3, 
        "question": 12
    }
},
{
    "pk": 56, 
    "model": "viridis.choice", 
    "fields": {
        "pub_date": "2014-07-26T10:14:04.922Z", 
        "is_correct": null, 
        "choice_text": "increase in the thickness of ozone layer in troposphere", 
        "test_id": 3, 
        "question": 12
    }
},
{
    "pk": 57, 
    "model": "viridis.choice", 
    "fields": {
        "pub_date": "2014-07-26T10:14:04.928Z", 
        "is_correct": null, 
        "choice_text": "Potassium chloride", 
        "test_id": 3, 
        "question": 11
    }
},
{
    "pk": 58, 
    "model": "viridis.choice", 
    "fields": {
        "pub_date": "2014-07-26T10:14:04.937Z", 
        "is_correct": null, 
        "choice_text": "Potassium carbonate", 
        "test_id": 3, 
        "question": 11
    }
},
{
    "pk": 59, 
    "model": "viridis.choice", 
    "fields": {
        "pub_date": "2014-07-26T10:14:04.946Z", 
        "is_correct": null, 
        "choice_text": "Potassium hydroxide", 
        "test_id": 3, 
        "question": 11
    }
},
{
    "pk": 60, 
    "model": "viridis.choice", 
    "fields": {
        "pub_date": "2014-07-26T10:14:04.954Z", 
        "is_correct": true, 
        "choice_text": "Sodium bicarbonate", 
        "test_id": 3, 
        "question": 11
    }
},
{
    "pk": 61, 
    "model": "viridis.choice", 
    "fields": {
        "pub_date": "2014-07-26T11:54:32.099Z", 
        "is_correct": null, 
        "choice_text": "Tin", 
        "test_id": 4, 
        "question": 20
    }
},
{
    "pk": 62, 
    "model": "viridis.choice", 
    "fields": {
        "pub_date": "2014-07-26T11:54:32.130Z", 
        "is_correct": true, 
        "choice_text": "Mercury", 
        "test_id": 4, 
        "question": 20
    }
},
{
    "pk": 63, 
    "model": "viridis.choice", 
    "fields": {
        "pub_date": "2014-07-26T11:54:32.146Z", 
        "is_correct": null, 
        "choice_text": "Lead", 
        "test_id": 4, 
        "question": 20
    }
},
{
    "pk": 64, 
    "model": "viridis.choice", 
    "fields": {
        "pub_date": "2014-07-26T11:54:32.153Z", 
        "is_correct": null, 
        "choice_text": "Zinc", 
        "test_id": 4, 
        "question": 20
    }
},
{
    "pk": 65, 
    "model": "viridis.choice", 
    "fields": {
        "pub_date": "2014-07-26T11:54:32.159Z", 
        "is_correct": true, 
        "choice_text": "Graphite", 
        "test_id": 4, 
        "question": 19
    }
},
{
    "pk": 66, 
    "model": "viridis.choice", 
    "fields": {
        "pub_date": "2014-07-26T11:54:32.169Z", 
        "is_correct": null, 
        "choice_text": "Silicon", 
        "test_id": 4, 
        "question": 19
    }
},
{
    "pk": 67, 
    "model": "viridis.choice", 
    "fields": {
        "pub_date": "2014-07-26T11:54:32.176Z", 
        "is_correct": null, 
        "choice_text": "Charcoal", 
        "test_id": 4, 
        "question": 19
    }
},
{
    "pk": 68, 
    "model": "viridis.choice", 
    "fields": {
        "pub_date": "2014-07-26T11:54:32.183Z", 
        "is_correct": null, 
        "choice_text": "Phosphorous", 
        "test_id": 4, 
        "question": 19
    }
},
{
    "pk": 69, 
    "model": "viridis.choice", 
    "fields": {
        "pub_date": "2014-07-26T11:54:32.195Z", 
        "is_correct": null, 
        "choice_text": "copper", 
        "test_id": 4, 
        "question": 18
    }
},
{
    "pk": 70, 
    "model": "viridis.choice", 
    "fields": {
        "pub_date": "2014-07-26T11:54:32.202Z", 
        "is_correct": true, 
        "choice_text": "magnesium", 
        "test_id": 4, 
        "question": 18
    }
},
{
    "pk": 71, 
    "model": "viridis.choice", 
    "fields": {
        "pub_date": "2014-07-26T11:54:32.210Z", 
        "is_correct": null, 
        "choice_text": "iron", 
        "test_id": 4, 
        "question": 18
    }
},
{
    "pk": 72, 
    "model": "viridis.choice", 
    "fields": {
        "pub_date": "2014-07-26T11:54:32.215Z", 
        "is_correct": null, 
        "choice_text": "calcium", 
        "test_id": 4, 
        "question": 18
    }
},
{
    "pk": 73, 
    "model": "viridis.choice", 
    "fields": {
        "pub_date": "2014-07-26T11:54:32.224Z", 
        "is_correct": null, 
        "choice_text": "Phosphorous", 
        "test_id": 4, 
        "question": 17
    }
},
{
    "pk": 74, 
    "model": "viridis.choice", 
    "fields": {
        "pub_date": "2014-07-26T11:54:32.229Z", 
        "is_correct": true, 
        "choice_text": "Bromine", 
        "test_id": 4, 
        "question": 17
    }
},
{
    "pk": 75, 
    "model": "viridis.choice", 
    "fields": {
        "pub_date": "2014-07-26T11:54:32.235Z", 
        "is_correct": null, 
        "choice_text": "Chlorine", 
        "test_id": 4, 
        "question": 17
    }
},
{
    "pk": 76, 
    "model": "viridis.choice", 
    "fields": {
        "pub_date": "2014-07-26T11:54:32.248Z", 
        "is_correct": null, 
        "choice_text": "Helium", 
        "test_id": 4, 
        "question": 17
    }
},
{
    "pk": 77, 
    "model": "viridis.choice", 
    "fields": {
        "pub_date": "2014-07-26T11:54:32.254Z", 
        "is_correct": null, 
        "choice_text": "Oxygen", 
        "test_id": 4, 
        "question": 16
    }
},
{
    "pk": 78, 
    "model": "viridis.choice", 
    "fields": {
        "pub_date": "2014-07-26T11:54:32.263Z", 
        "is_correct": true, 
        "choice_text": "Hydrogen sulphide", 
        "test_id": 4, 
        "question": 16
    }
},
{
    "pk": 79, 
    "model": "viridis.choice", 
    "fields": {
        "pub_date": "2014-07-26T11:54:32.276Z", 
        "is_correct": null, 
        "choice_text": "Carbon dioxide", 
        "test_id": 4, 
        "question": 16
    }
},
{
    "pk": 80, 
    "model": "viridis.choice", 
    "fields": {
        "pub_date": "2014-07-26T11:54:32.283Z", 
        "is_correct": null, 
        "choice_text": "Nitrogen", 
        "test_id": 4, 
        "question": 16
    }
},
{
    "pk": 81, 
    "model": "viridis.choice", 
    "fields": {
        "pub_date": "2014-07-28T06:10:49.565Z", 
        "is_correct": null, 
        "choice_text": "Canada", 
        "test_id": 5, 
        "question": 25
    }
},
{
    "pk": 82, 
    "model": "viridis.choice", 
    "fields": {
        "pub_date": "2014-07-28T06:10:49.586Z", 
        "is_correct": null, 
        "choice_text": "West Africa", 
        "test_id": 5, 
        "question": 25
    }
},
{
    "pk": 83, 
    "model": "viridis.choice", 
    "fields": {
        "pub_date": "2014-07-28T06:10:49.640Z", 
        "is_correct": true, 
        "choice_text": "Australia", 
        "test_id": 5, 
        "question": 25
    }
},
{
    "pk": 84, 
    "model": "viridis.choice", 
    "fields": {
        "pub_date": "2014-07-28T06:10:49.649Z", 
        "is_correct": null, 
        "choice_text": "North America", 
        "test_id": 5, 
        "question": 25
    }
},
{
    "pk": 85, 
    "model": "viridis.choice", 
    "fields": {
        "pub_date": "2014-07-28T06:10:49.658Z", 
        "is_correct": null, 
        "choice_text": "deterioration of electronic circuits", 
        "test_id": 5, 
        "question": 24
    }
},
{
    "pk": 86, 
    "model": "viridis.choice", 
    "fields": {
        "pub_date": "2014-07-28T06:10:49.667Z", 
        "is_correct": null, 
        "choice_text": "damage of solar cells of spacecraft", 
        "test_id": 5, 
        "question": 24
    }
},
{
    "pk": 87, 
    "model": "viridis.choice", 
    "fields": {
        "pub_date": "2014-07-28T06:10:49.673Z", 
        "is_correct": null, 
        "choice_text": "adverse effect on living organisms", 
        "test_id": 5, 
        "question": 24
    }
},
{
    "pk": 88, 
    "model": "viridis.choice", 
    "fields": {
        "pub_date": "2014-07-28T06:10:49.681Z", 
        "is_correct": true, 
        "choice_text": "All of the above", 
        "test_id": 5, 
        "question": 24
    }
},
{
    "pk": 89, 
    "model": "viridis.choice", 
    "fields": {
        "pub_date": "2014-07-28T06:10:49.692Z", 
        "is_correct": true, 
        "choice_text": "larger, more", 
        "test_id": 5, 
        "question": 23
    }
},
{
    "pk": 90, 
    "model": "viridis.choice", 
    "fields": {
        "pub_date": "2014-07-28T06:10:49.703Z", 
        "is_correct": null, 
        "choice_text": "larger, less", 
        "test_id": 5, 
        "question": 23
    }
},
{
    "pk": 91, 
    "model": "viridis.choice", 
    "fields": {
        "pub_date": "2014-07-28T06:10:49.711Z", 
        "is_correct": null, 
        "choice_text": "smaller, more", 
        "test_id": 5, 
        "question": 23
    }
},
{
    "pk": 92, 
    "model": "viridis.choice", 
    "fields": {
        "pub_date": "2014-07-28T06:10:49.718Z", 
        "is_correct": null, 
        "choice_text": "smaller, less", 
        "test_id": 5, 
        "question": 23
    }
},
{
    "pk": 93, 
    "model": "viridis.choice", 
    "fields": {
        "pub_date": "2014-07-28T06:10:49.729Z", 
        "is_correct": true, 
        "choice_text": "zones of climate", 
        "test_id": 5, 
        "question": 22
    }
},
{
    "pk": 94, 
    "model": "viridis.choice", 
    "fields": {
        "pub_date": "2014-07-28T06:10:49.741Z", 
        "is_correct": null, 
        "choice_text": "zones of oceans", 
        "test_id": 5, 
        "question": 22
    }
},
{
    "pk": 95, 
    "model": "viridis.choice", 
    "fields": {
        "pub_date": "2014-07-28T06:10:49.752Z", 
        "is_correct": null, 
        "choice_text": "zones of land", 
        "test_id": 5, 
        "question": 22
    }
},
{
    "pk": 96, 
    "model": "viridis.choice", 
    "fields": {
        "pub_date": "2014-07-28T06:10:49.763Z", 
        "is_correct": null, 
        "choice_text": "zones of cyclonic depressions", 
        "test_id": 5, 
        "question": 22
    }
},
{
    "pk": 97, 
    "model": "viridis.choice", 
    "fields": {
        "pub_date": "2014-07-28T06:10:49.775Z", 
        "is_correct": null, 
        "choice_text": "shape", 
        "test_id": 5, 
        "question": 21
    }
},
{
    "pk": 98, 
    "model": "viridis.choice", 
    "fields": {
        "pub_date": "2014-07-28T06:10:49.782Z", 
        "is_correct": true, 
        "choice_text": "area", 
        "test_id": 5, 
        "question": 21
    }
},
{
    "pk": 99, 
    "model": "viridis.choice", 
    "fields": {
        "pub_date": "2014-07-28T06:10:49.793Z", 
        "is_correct": null, 
        "choice_text": "baring", 
        "test_id": 5, 
        "question": 21
    }
},
{
    "pk": 100, 
    "model": "viridis.choice", 
    "fields": {
        "pub_date": "2014-07-28T06:10:49.818Z", 
        "is_correct": null, 
        "choice_text": "distance", 
        "test_id": 5, 
        "question": 21
    }
},
{
    "pk": 101, 
    "model": "viridis.choice", 
    "fields": {
        "pub_date": "2014-07-29T06:53:57.666Z", 
        "is_correct": null, 
        "choice_text": "Protected", 
        "test_id": 6, 
        "question": 33
    }
},
{
    "pk": 102, 
    "model": "viridis.choice", 
    "fields": {
        "pub_date": "2014-07-29T06:53:57.682Z", 
        "is_correct": null, 
        "choice_text": "Public", 
        "test_id": 6, 
        "question": 33
    }
},
{
    "pk": 103, 
    "model": "viridis.choice", 
    "fields": {
        "pub_date": "2014-07-29T06:53:57.699Z", 
        "is_correct": true, 
        "choice_text": "Private", 
        "test_id": 6, 
        "question": 33
    }
},
{
    "pk": 104, 
    "model": "viridis.choice", 
    "fields": {
        "pub_date": "2014-07-29T06:53:57.706Z", 
        "is_correct": null, 
        "choice_text": "Friend", 
        "test_id": 6, 
        "question": 33
    }
},
{
    "pk": 105, 
    "model": "viridis.choice", 
    "fields": {
        "pub_date": "2014-07-29T06:53:57.714Z", 
        "is_correct": null, 
        "choice_text": "Destructors can take arguments but constructors cannot.", 
        "test_id": 6, 
        "question": 32
    }
},
{
    "pk": 106, 
    "model": "viridis.choice", 
    "fields": {
        "pub_date": "2014-07-29T06:53:57.720Z", 
        "is_correct": true, 
        "choice_text": "Destructors can take arguments but constructors cannot.", 
        "test_id": 6, 
        "question": 32
    }
},
{
    "pk": 107, 
    "model": "viridis.choice", 
    "fields": {
        "pub_date": "2014-07-29T06:53:57.726Z", 
        "is_correct": null, 
        "choice_text": "Destructors can be overloaded but constructors cannot be overloaded.", 
        "test_id": 6, 
        "question": 32
    }
},
{
    "pk": 108, 
    "model": "viridis.choice", 
    "fields": {
        "pub_date": "2014-07-29T06:53:57.733Z", 
        "is_correct": null, 
        "choice_text": "Constructors and destructors can both return a value.", 
        "test_id": 6, 
        "question": 32
    }
},
{
    "pk": 109, 
    "model": "viridis.choice", 
    "fields": {
        "pub_date": "2014-07-29T06:53:57.749Z", 
        "is_correct": null, 
        "choice_text": "Public members of the base class become protected members of derived class.", 
        "test_id": 6, 
        "question": 31
    }
},
{
    "pk": 110, 
    "model": "viridis.choice", 
    "fields": {
        "pub_date": "2014-07-29T06:53:57.755Z", 
        "is_correct": null, 
        "choice_text": "Public members of the base class become private members of derived class.", 
        "test_id": 6, 
        "question": 31
    }
},
{
    "pk": 111, 
    "model": "viridis.choice", 
    "fields": {
        "pub_date": "2014-07-29T06:53:57.764Z", 
        "is_correct": null, 
        "choice_text": "Private members of the base class become protected members of derived class.", 
        "test_id": 6, 
        "question": 31
    }
},
{
    "pk": 112, 
    "model": "viridis.choice", 
    "fields": {
        "pub_date": "2014-07-29T06:53:57.770Z", 
        "is_correct": true, 
        "choice_text": "Public members of the base class become public members of derived class.", 
        "test_id": 6, 
        "question": 31
    }
},
{
    "pk": 113, 
    "model": "viridis.choice", 
    "fields": {
        "pub_date": "2014-07-29T06:53:57.779Z", 
        "is_correct": null, 
        "choice_text": "By making all member functions constant.", 
        "test_id": 6, 
        "question": 30
    }
},
{
    "pk": 114, 
    "model": "viridis.choice", 
    "fields": {
        "pub_date": "2014-07-29T06:53:57.784Z", 
        "is_correct": true, 
        "choice_text": "By making at least one member function as pure virtual function.", 
        "test_id": 6, 
        "question": 30
    }
},
{
    "pk": 115, 
    "model": "viridis.choice", 
    "fields": {
        "pub_date": "2014-07-29T06:53:57.802Z", 
        "is_correct": null, 
        "choice_text": "By declaring it abstract using the static keyword.", 
        "test_id": 6, 
        "question": 30
    }
},
{
    "pk": 116, 
    "model": "viridis.choice", 
    "fields": {
        "pub_date": "2014-07-29T06:53:57.808Z", 
        "is_correct": null, 
        "choice_text": "By declaring it abstract using the virtual keyword.", 
        "test_id": 6, 
        "question": 30
    }
},
{
    "pk": 117, 
    "model": "viridis.choice", 
    "fields": {
        "pub_date": "2014-07-29T06:53:57.816Z", 
        "is_correct": null, 
        "choice_text": "A class member and a class object.", 
        "test_id": 6, 
        "question": 29
    }
},
{
    "pk": 118, 
    "model": "viridis.choice", 
    "fields": {
        "pub_date": "2014-07-29T06:53:57.823Z", 
        "is_correct": null, 
        "choice_text": "A class object and a class.", 
        "test_id": 6, 
        "question": 29
    }
},
{
    "pk": 119, 
    "model": "viridis.choice", 
    "fields": {
        "pub_date": "2014-07-29T06:53:57.829Z", 
        "is_correct": null, 
        "choice_text": "A class and a member of that class.", 
        "test_id": 6, 
        "question": 29
    }
},
{
    "pk": 120, 
    "model": "viridis.choice", 
    "fields": {
        "pub_date": "2014-07-29T06:53:57.834Z", 
        "is_correct": true, 
        "choice_text": "A class object and a member of that class.", 
        "test_id": 6, 
        "question": 29
    }
},
{
    "pk": 121, 
    "model": "viridis.choice", 
    "fields": {
        "pub_date": "2014-07-29T06:53:57.851Z", 
        "is_correct": null, 
        "choice_text": "Destructor of base class should always be static.", 
        "test_id": 6, 
        "question": 28
    }
},
{
    "pk": 122, 
    "model": "viridis.choice", 
    "fields": {
        "pub_date": "2014-07-29T06:53:57.860Z", 
        "is_correct": true, 
        "choice_text": "Destructor of base class should always be virtual.", 
        "test_id": 6, 
        "question": 28
    }
},
{
    "pk": 123, 
    "model": "viridis.choice", 
    "fields": {
        "pub_date": "2014-07-29T06:53:57.866Z", 
        "is_correct": null, 
        "choice_text": "Destructor of base class should not be virtual.", 
        "test_id": 6, 
        "question": 28
    }
},
{
    "pk": 124, 
    "model": "viridis.choice", 
    "fields": {
        "pub_date": "2014-07-29T06:53:57.882Z", 
        "is_correct": null, 
        "choice_text": "Destructor of base class should not be virtual.", 
        "test_id": 6, 
        "question": 28
    }
},
{
    "pk": 125, 
    "model": "viridis.choice", 
    "fields": {
        "pub_date": "2014-07-29T06:53:57.888Z", 
        "is_correct": null, 
        "choice_text": "Friend keyword can be used in the class to allow access to another class.", 
        "test_id": 6, 
        "question": 27
    }
},
{
    "pk": 126, 
    "model": "viridis.choice", 
    "fields": {
        "pub_date": "2014-07-29T06:53:57.895Z", 
        "is_correct": null, 
        "choice_text": "Friend keyword can be used for a function in the public section of a class.", 
        "test_id": 6, 
        "question": 27
    }
},
{
    "pk": 127, 
    "model": "viridis.choice", 
    "fields": {
        "pub_date": "2014-07-29T06:53:57.904Z", 
        "is_correct": null, 
        "choice_text": "Friend keyword can be used for a function in the private section of a class.", 
        "test_id": 6, 
        "question": 27
    }
},
{
    "pk": 128, 
    "model": "viridis.choice", 
    "fields": {
        "pub_date": "2014-07-29T06:53:57.914Z", 
        "is_correct": true, 
        "choice_text": "Friend keyword can be used on main().", 
        "test_id": 6, 
        "question": 27
    }
},
{
    "pk": 129, 
    "model": "viridis.choice", 
    "fields": {
        "pub_date": "2014-07-29T06:53:57.922Z", 
        "is_correct": null, 
        "choice_text": "It will not compile because class body of Birds is not defined.", 
        "test_id": 6, 
        "question": 26
    }
},
{
    "pk": 130, 
    "model": "viridis.choice", 
    "fields": {
        "pub_date": "2014-07-29T06:53:57.930Z", 
        "is_correct": null, 
        "choice_text": "It will not compile because class body of Eagle is not defined.", 
        "test_id": 6, 
        "question": 26
    }
},
{
    "pk": 131, 
    "model": "viridis.choice", 
    "fields": {
        "pub_date": "2014-07-29T06:53:57.947Z", 
        "is_correct": null, 
        "choice_text": "It will not compile because a class cannot be protectedly inherited from other class.", 
        "test_id": 6, 
        "question": 26
    }
},
{
    "pk": 132, 
    "model": "viridis.choice", 
    "fields": {
        "pub_date": "2014-07-29T06:53:57.955Z", 
        "is_correct": true, 
        "choice_text": "It will compile succesfully.", 
        "test_id": 6, 
        "question": 26
    }
},
{
    "pk": 133, 
    "model": "viridis.choice", 
    "fields": {
        "pub_date": "2014-08-09T17:38:55.913Z", 
        "is_correct": null, 
        "choice_text": "the heating effect of current alone\r\n", 
        "test_id": 7, 
        "question": 38
    }
},
{
    "pk": 134, 
    "model": "viridis.choice", 
    "fields": {
        "pub_date": "2014-08-09T17:38:55.944Z", 
        "is_correct": null, 
        "choice_text": "hysteresis loss alone\r\n", 
        "test_id": 7, 
        "question": 38
    }
},
{
    "pk": 135, 
    "model": "viridis.choice", 
    "fields": {
        "pub_date": "2014-08-09T17:38:55.950Z", 
        "is_correct": true, 
        "choice_text": "both the heating effect of current and hysteresis loss", 
        "test_id": 7, 
        "question": 38
    }
},
{
    "pk": 136, 
    "model": "viridis.choice", 
    "fields": {
        "pub_date": "2014-08-09T17:38:55.962Z", 
        "is_correct": null, 
        "choice_text": "intense sunlight at noon", 
        "test_id": 7, 
        "question": 38
    }
},
{
    "pk": 137, 
    "model": "viridis.choice", 
    "fields": {
        "pub_date": "2014-08-09T17:38:55.969Z", 
        "is_correct": null, 
        "choice_text": "the densities of the liquid in the two vessels are equal", 
        "test_id": 7, 
        "question": 37
    }
},
{
    "pk": 138, 
    "model": "viridis.choice", 
    "fields": {
        "pub_date": "2014-08-09T17:38:55.975Z", 
        "is_correct": true, 
        "choice_text": "the level of the liquid in the two vessels are at the same height", 
        "test_id": 7, 
        "question": 37
    }
},
{
    "pk": 139, 
    "model": "viridis.choice", 
    "fields": {
        "pub_date": "2014-08-09T17:38:55.981Z", 
        "is_correct": null, 
        "choice_text": "both its limbs are of unequal length", 
        "test_id": 7, 
        "question": 37
    }
},
{
    "pk": 140, 
    "model": "viridis.choice", 
    "fields": {
        "pub_date": "2014-08-09T17:38:55.990Z", 
        "is_correct": null, 
        "choice_text": "the temperature of the liquids in the two vessels are the same", 
        "test_id": 7, 
        "question": 37
    }
},
{
    "pk": 141, 
    "model": "viridis.choice", 
    "fields": {
        "pub_date": "2014-08-09T17:38:55.996Z", 
        "is_correct": null, 
        "choice_text": "viscosity of ink", 
        "test_id": 7, 
        "question": 36
    }
},
{
    "pk": 142, 
    "model": "viridis.choice", 
    "fields": {
        "pub_date": "2014-08-09T17:38:56.003Z", 
        "is_correct": true, 
        "choice_text": "capillary action phenomenon\r\n", 
        "test_id": 7, 
        "question": 36
    }
},
{
    "pk": 143, 
    "model": "viridis.choice", 
    "fields": {
        "pub_date": "2014-08-09T17:38:56.010Z", 
        "is_correct": null, 
        "choice_text": "diffusion of ink through the blotting\r\n", 
        "test_id": 7, 
        "question": 36
    }
},
{
    "pk": 144, 
    "model": "viridis.choice", 
    "fields": {
        "pub_date": "2014-08-09T17:38:56.015Z", 
        "is_correct": null, 
        "choice_text": "siphon action\r\n", 
        "test_id": 7, 
        "question": 36
    }
},
{
    "pk": 145, 
    "model": "viridis.choice", 
    "fields": {
        "pub_date": "2014-08-09T17:38:56.025Z", 
        "is_correct": null, 
        "choice_text": "work done in rolling is more than in lifting", 
        "test_id": 7, 
        "question": 35
    }
},
{
    "pk": 146, 
    "model": "viridis.choice", 
    "fields": {
        "pub_date": "2014-08-09T17:38:56.030Z", 
        "is_correct": null, 
        "choice_text": "work done in lifting the stone is equal to rolling it", 
        "test_id": 7, 
        "question": 35
    }
},
{
    "pk": 147, 
    "model": "viridis.choice", 
    "fields": {
        "pub_date": "2014-08-09T17:38:56.036Z", 
        "is_correct": null, 
        "choice_text": "work done in both is same but the rate of doing work is less in rolling", 
        "test_id": 7, 
        "question": 35
    }
},
{
    "pk": 148, 
    "model": "viridis.choice", 
    "fields": {
        "pub_date": "2014-08-09T17:38:56.043Z", 
        "is_correct": true, 
        "choice_text": "work done in rolling a stone is less than in lifting it", 
        "test_id": 7, 
        "question": 35
    }
},
{
    "pk": 149, 
    "model": "viridis.choice", 
    "fields": {
        "pub_date": "2014-08-09T17:38:56.052Z", 
        "is_correct": true, 
        "choice_text": "collision between fast neutrons and nitrogen nuclei present in the atmosphere", 
        "test_id": 7, 
        "question": 34
    }
},
{
    "pk": 150, 
    "model": "viridis.choice", 
    "fields": {
        "pub_date": "2014-08-09T17:38:56.060Z", 
        "is_correct": null, 
        "choice_text": "action of ultraviolet light from the sun on atmospheric oxygen", 
        "test_id": 7, 
        "question": 34
    }
},
{
    "pk": 151, 
    "model": "viridis.choice", 
    "fields": {
        "pub_date": "2014-08-09T17:38:56.066Z", 
        "is_correct": null, 
        "choice_text": "action of solar radiations particularly cosmic rays on carbon dioxide present in the atmosphere", 
        "test_id": 7, 
        "question": 34
    }
},
{
    "pk": 152, 
    "model": "viridis.choice", 
    "fields": {
        "pub_date": "2014-08-09T17:38:56.074Z", 
        "is_correct": null, 
        "choice_text": "lightning discharge in atmosphere", 
        "test_id": 7, 
        "question": 34
    }
},
{
    "pk": 3, 
    "model": "viridis.vote", 
    "fields": {
        "test": 4, 
        "voter": 1
    }
},
{
    "pk": 8, 
    "model": "viridis.vote", 
    "fields": {
        "test": 5, 
        "voter": 1
    }
},
{
    "pk": 10, 
    "model": "viridis.vote", 
    "fields": {
        "test": 6, 
        "voter": 1
    }
},
{
    "pk": 11, 
    "model": "viridis.vote", 
    "fields": {
        "test": 2, 
        "voter": 1
    }
},
{
    "pk": 13, 
    "model": "viridis.vote", 
    "fields": {
        "test": 3, 
        "voter": 1
    }
},
{
    "pk": 14, 
    "model": "viridis.vote", 
    "fields": {
        "test": 3, 
        "voter": 2
    }
},
{
    "pk": 15, 
    "model": "viridis.vote", 
    "fields": {
        "test": 7, 
        "voter": 1
    }
},
{
    "pk": 16, 
    "model": "viridis.vote", 
    "fields": {
        "test": 7, 
        "voter": 2
    }
}
]
